Company,Y,predict
SNPS,3.1680292844027726,0.84395427
SNS,1.6928609342344192,1.3525559
SNSA,-1.4145848751218568,-2.6684387
SNSS,-5.528076314357712,-1.9408337
SNT,-8.818502702129205,-6.4785542
SNTO,-1.1090942066945122,-1.0495433
SNTS,-0.013208379593515444,-1.7954715
SNUS,-1.873107671627798,0.42362753
SNV,1.3085872043962994,0.105289094
SNWL,-19.835561652679868,0.8874683
SNX,-3.004298674616168,1.2482266
SNY,3.5874279494154773,0.48349544
SO,-0.1350320761735248,0.34178025
SOFO,19.5180543578321,-0.85028654
SOHU,-1.712442096068609,0.19176447
SOLD,3.7828213734399694,-5.236665
SOMH,3.359884947956547,-0.5491968
SOMX,5.501440920139985,-1.2702186
SON,1.3706722847336281,-0.17051919
SONC,1.502241272059434,0.55855656
SONE,5.71375270126955,1.5349501
SONO,-5.490165988729457,0.37086976
SONS,1.1856357997331028,-1.2197293
SONT,-106.30768019130673,-7.747953
SOR,0.7326681273372257,-1.3844572
SORC,-10.4918538607745,0.14096603
SORL,17.612585589424175,-0.022404104
SOV,-0.2460511284960701,-0.75750816
SPA,-5.006395954461602,-0.2614662
SPAB,-18.46885235247888,-3.2266037
SPAR,-46.40743550845332,-0.65147686
SPC,14.417527322891633,-5.8788323
SPEC,7.667475088196403,0.12648663
SPEX,7.264797257822733,-0.23785187
SPF,-0.05268099117873345,-1.8719406
SPG,-1.9900443601947082,-1.2655256
SPH,-1.3353045006989774,-0.5284754
SPI,-2.6924466599342103,1.5620133
SPIL,-0.14628433525435916,0.9538761
SPIR,0.024272879776786327,-0.85148484
SPLS,3.54785752939955,0.119179375
SPM,4.310080426453925,-0.31212562
SPN,-3.4735600071253314,1.4977123
SPNC,-1.8114973071698919,0.14317617
SPP,2.747605608165132,0.9709589
SPPI,0.44337466101397294,-3.5562336
SPPR,-0.6799745636010857,-3.6061375
SPRT,-5.7428557213727425,0.59489036
SPSN,-0.06529090719468568,0.40722048
SPSS,5.537696469500611,0.851892
SPSX,-5.666076181281638,0.6190648
SPTN,1.7509278673013569,0.49885058
SPW,-2.396004337184816,-0.6511938
SPWR,0.3643671587067462,1.2540271
SQA-A,2.521667643777271,1.273094
SQF,-0.6711398608888192,-1.6396495
SQM,-1.0441895328171509,0.77829444
SQNM,-12.229536113162633,-0.1326401
SR,-3.962442096068605,-0.2758985
SRA,-3.6104073863139616,0.61063313
SRCE,3.060511529826202,-0.22019878
SRCL,3.3151517229159375,1.2919374
SRDX,-8.711585198039481,-1.0485771
SRE,0.09796228723196812,-0.21520855
SRI,7.978034094407572,-1.3765897
SRO,-6.100640853832582,-0.2903678
SRP,-0.0009150610121773721,1.4756929
SRQ,-6.464458491678814,-0.30937824
SRR,-3.203600363088949,1.0819446
SRSL,-3.2093613813427937,-0.58985627
SRT,-2.727459328958816,-1.1345973
SRVY,11.041637158010644,-0.5165277
SRX,-9.511370044211233,1.086139
SRZ,-4.508015012735281,0.13126689
SSCC,-1.7351693687958814,0.098348014
SSD,1.6137822325253848,-1.1992805
SSFC,0.27825890536200165,-4.3110642
SSI,-7.337154172409508,0.24252985
SSL,2.9528695570479093,0.8578561
SSP,0.11621896386997713,0.37675548
SSRI,-1.8060226642750807,0.66788864
SSS,-2.6805519657147925,0.30018649
SSTI,-2.2109638994684704,1.1328012
SSTR,-7.0503625853652325,-0.5859565
SSW,1.8711795878991035,0.2386206
SSY,-17.97434685797338,-0.28382427
SSYS,2.338337910298783,-1.3881928
STA,2.998832505036493,-2.0864985
STAA,-1.4031220770481685,-1.65741
STAK,-7.95354241969321,-0.06805898
STAN,0.979608585177588,-1.8278364
STBA,1.8577434630122445,0.41666263
STBC,3.2286212127806366,-1.9903944
STC,9.96252715362389,-1.5933217
STD,1.6160680861393182,4.5580764
STE,-3.0952390766009805,0.88105416
STEC,29.211322362396164,-2.3768299
STEI,-2.5057754294019388,0.53386307
STEM,-10.97973769355289,-7.786818
STEN,6.942837407036983,-0.35176116
STFC,3.990556750528855,0.17394653
STG,-20.295775429401946,-14.738385
STGN,-3.4274958595094684,-1.6103078
STI,1.3553494965897683,-0.11561823
STJ,-2.3663443571918723,-1.0260698
STKL,-14.273048156674664,-0.087751254
STKR,17.985474570598054,-0.9213657
STL,2.6674225401411933,0.17089877
STLD,-0.15902658502597414,-6.689899
STLW,0.8226456232296293,0.3495321
STLY,-4.85579873942526,0.18366536
STM,0.9542245705980396,0.29377943
STMP,-0.5933944770209911,-0.24807784
STN,13.8454330926992,-0.5469558
STNR,0.32235643872992537,0.9884621
STO,-7.586808864052402,-2.9584024
STON,2.8924492807140183,-1.6633799
STP,10.450696196590409,0.5203107
STR,-6.277864532351984,-0.07509108
STRA,-5.091272836285497,0.22543724
STRL,-12.988790135284292,-0.7297077
STRM,7.26778389263196,0.78431964
STRN,0.06949622992256863,-1.8258703
STRS,1.204224570598051,0.8486182
STRT,5.986413411799767,0.9946306
STSA,-1.0133885616113525,1.6343471
STSI,-11.084236967863486,0.42181745
STST,-6.931105048714852,0.73845273
STT,7.262053752092711,-0.15365517
STTS,-8.186400429401944,1.5724158
STTX,0.10664622301970147,-0.6222565
STU,2.192767744741807,0.14641882
STX,1.0202623064471097,0.16222501
STXN,9.427309456726423,0.69800913
STXS,2.717790462070917,-2.1102104
STZ,1.4176980371728285,-0.301724
SU,-1.7105200752009695,2.5480068
SUAI,-23.569584953211464,0.253719
SUBK,3.1224648013874616,-0.086837865
SUF,-10.232216107368053,-2.959392
SUFB,-8.476468498708886,1.2443728
SUG,-2.261338935663124,-0.4758318
SUI,-4.234279755730738,-0.14393751
SUMT,-14.768915925269713,-0.002125681
SUN,-12.1615547751364,-1.8681189
SUNH,17.694129558721578,-0.81197375
SUNW,-0.9922698943465906,-5.7033396
SUP,-4.763211859085397,0.21484256
SUPG,7.509342680834272,0.47564596
SUPR,0.5706266870001725,-0.95334053
SUPX,-19.558514282905133,-1.0460811
SUR,6.407712942691082,1.3307912
SURG,12.184201687302865,-1.5766947
SURW,8.403389421723684,-1.3495041
SUSQ,-3.182680191306712,0.80287623
SVA,-27.72603294013156,-3.1276398
SVL,7.626484078428036,-2.404562
SVM,0.8188317406972054,-0.020497901
SVN,-1.3421094416219097,-3.1055994
SVNT,-7.968612182301133,2.1042087
SVR,7.1266728694639685,1.019929
SVU,3.013665130038621,-1.2989239
SVVS,13.632045909158686,0.57822496
SWAT,-30.22224601763723,-2.577837
SWC,-11.153461578321075,1.4534733
SWFT,-9.501618596512717,-0.7163508
SWHC,-26.59413132882168,-1.0834253
SWIR,12.821223148122954,1.6044368
SWK,-1.9434688078072009,0.06886277
SWKS,-2.1107471808143754,-0.5671325
SWM,4.1739942443024765,-0.5072302
SWN,-23.05790096435204,0.3568076
SWRG,-3.5104119716416413,-3.0210996
SWS,7.697922049589661,0.90629756
SWSI,4.6357582169204266,-1.3137354
SWW,-1.3088086047574008,0.02715839
SWWC,5.939689686877119,-0.04868435
SWX,1.2167994989274658,0.1584444
SWY,9.391724570598056,-0.8058664
SWZ,-5.1059848534857135,0.46747673
SXC,3.4680240186201328,0.7696359
SXCI,8.964883965739357,0.2605384
SXI,-0.4837110417484435,-0.39970815
SXL,2.8252688743955243,-0.31879005
SXT,1.6656066844192032,0.06726022
SY,1.6526051373996702,0.29105112
SYBR,-13.502297168532381,-6.7737713
SYBT,-0.4029182865448019,-0.10242482
SYGR,-2.4507528049675567,-0.1779616
SYK,3.3172258407849533,0.053451702
SYKE,4.123158810960867,0.42717484
SYM,6.239257217509158,-12.639022
SYMC,-0.5385811847976253,-0.4917437
SYMM,2.041668516786398,1.8036724
SYNA,4.685278797610521,0.4155899
SYNF,0.7600498133164945,-0.06467513
SYNL,2.4455945813855324,-0.4829393
SYNM,18.974455784470887,-37.864014
SYNO,14.23311904295985,-0.34516948
SYNP,-9.373251467740607,-0.25933132
SYNT,-5.911447071192982,0.05911288
SYNX,7.545133661507143,-1.5833315
SYPR,-8.145488485356031,-0.07292041
SYS,2.709543719534228,-5.8898206
SYT,3.6238530035544403,-0.7238606
SYX,24.12757700612813,-0.026492901
SYY,1.1201658110768271,-1.391109
SZE,5.671314639882119,-2.1295533
T,3.3493294657029486,-3.3832564
TAC,-1.414023123736592,0.0013317211
TACT,-3.2325224173537386,-0.80485183
TAG,-10.283639507071856,-1.5074781
TAGS,3.896401441346358,-6.515939
TAI,-0.5366452035490035,-0.22402677
TAL,8.83264345407501,1.5052246
TALX,9.201036956754699,0.3864344
TAM,7.851092281361133,0.46150425
TAP,5.453177998122903,-0.058367502
TAR,-0.21760719475888007,0.6066888
TARR,2.234010930499444,-3.1312177
TASR,-10.349980422831633,-1.3530844
TATTF,2.273886436596809,0.062715515
TAXI,3.6280321696279563,-2.220786
TAYC,1.8139623471618256,1.7539098
TAYD,-1.054777066063153,-0.5224912
TBAC,-3.934853927695456,-0.26969287
TBBK,9.129900246273731,-0.53328806
TBHS,-1.493143850454569,-0.23889849
TBIO,2.8986690150425023,-5.250177
TBL,-1.1024568733538236,0.8670293
TBSI,4.175048369225056,-1.2779335
TBUS,-9.949136773939768,-5.388006
TBV,17.029288183829607,-7.315058
TBWC,-1.6041184865781304,-0.5832931
TCB,3.997623549445622,-0.0135822855
TCBI,0.3656933834753129,1.6178032
TCBK,1.4310713181173569,-1.0478249
TCHC,-10.682617534665114,-4.673881
TCK,-1.864289032587094,-0.3653777
TCLP,9.009780126153599,-0.4450217
TCMI,9.306937748892627,-0.59325975
TCN,-2.338527411281904,-1.9248626
TCO,1.3641734498744928,-0.73978394
TCX,3.1601069235392214,-0.9587266
TD,0.5754873065258913,3.900221
TDF,2.3003784167519057,-0.1557587
TDG,1.886891488742151,0.5223066
TDK,2.1685458967852704,0.0502326
TDS,3.663133092593265,0.22879659
TDSC,11.862745873856197,-1.8757386
TDW,-15.400200574149675,-0.9568086
TDY,-2.3930218784425548,0.6404034
TE,-0.3850093237722344,-0.42569348
TEAM,0.6764467928202764,-1.047459
TEC,-4.551787453450031,-2.3344858
TECD,-12.108225917915282,0.7252587
TECH,0.14944549034558302,1.0756152
TECUA,2.1820352214856222,-0.28065246
TEF,3.7875579039313845,0.28065234
TEI,-2.351636235262748,-0.20358056
TEK,-7.579371589840746,1.1591423
TELK,-283.93855195310397,-3.0376694
TELN,4.621157053320005,-0.86703
TELOZ,22.94402048896541,-29.049147
TEN,2.054548195193526,1.1822428
TEO,12.24732801887392,0.82762825
TER,0.5264170839670411,0.28263792
TES,-6.967462176389903,-0.5485741
TESOF,-0.9798444729786214,0.37533426
TESS,-1.1289157721532204,-0.015736958
TEVA,-4.634578518205037,-1.1767097
TEX,11.77104092240976,-0.04077013
TF,-5.114018069901487,-1.2968128
TFC,2.538944691626805,-1.9116719
TFIN,-3.045775429401936,-0.3063921
TFR,-6.9743468579733765,-1.455517
TFSM,3.979086449051093,0.20486173
TFX,-0.6783652683114838,-0.7927536
TG,12.12074380987271,1.1803039
TGA,-4.938989002256236,-1.2558764
TGAL,12.647772957694825,-4.4488935
TGB,1.9291280455015243,-0.5472628
TGC,-25.831489715116238,-0.56758034
TGE,4.711745629563161,-0.068132155
TGEN,-3.035533343740867,-5.3055696
TGI,-3.624737855493884,1.0508344
TGIC,1.1879588516259385,0.6449672
TGIS,13.14837350676826,-1.188287
TGP,4.338343453816308,0.12671566
TGS,26.23895548424011,0.16173556
TGT,-2.00151600784192,-1.1352179
TGX,-7.997388332627745,0.17896107
THC,-1.6892474523574792,-1.9101896
THE,-20.919495066510514,-0.6605489
THFF,4.124182257481001,-0.041905288
THG,0.4214376853521398,0.6307069
THI,-6.96704614763399,0.6261519
THK,-7.7377258937982365,-1.182626
THLD,21.697467813841303,-7.5300984
THO,-4.637387159340566,0.16084374
THOR,14.836477130325012,0.97276735
THQI,-1.7917778894265406,0.30446312
THRD,-4.771581881014848,-0.5898991
THRX,-2.0637424090069967,-1.3163699
THS,-3.3406472242737477,1.0449418
THX,-8.865203780116508,0.3925773
TIBB,-1.3170733139073825,1.4427848
TIBX,0.6788008417844851,0.7426565
TICC,-0.4924916623635325,-0.82780707
TIE,-8.119818126792651,-3.5172741
TIF,0.5184447540842984,0.43852437
TIII,4.879927381843038,-0.8138055
TIN,13.29237360383724,0.11479265
TINY,-19.577206364058693,0.06433937
TISA,0.0331719390190964,-0.6439999
TIV,7.516395276604371,-3.4596732
TIVO,-14.241087929401937,-2.0901842
TJX,3.861527941384568,0.06912257
TK,2.099341489442613,-0.24152601
TKA,-0.3315030587686589,-0.28080994
TKC,6.6007118650674235,1.0103432
TKF,-6.793416938835911,1.1723673
TKG,7.026005527677487,-2.0730014
TKLC,-8.558587297237407,-2.1033535
TKO,-5.291093781461875,-8.117895
TKP,-4.796030494261302,0.59776455
TKR,-3.0536575404369057,-0.7969894
TKS,-0.6694867696081409,0.1591052
TLAB,0.6959399702081946,-4.121889
TLB,-3.4544891223479923,-1.1454793
TLCV,11.647341205397296,-0.6006385
TLEO,2.4776334952505827,0.028117495
TLF,-0.6783652683114838,-0.011236399
TLG,-6.148285889652986,-1.2182993
TLGD,17.375700445716312,0.29688725
TLI,-0.2280594703975556,-0.033209257
TLK,2.8401894828787566,-0.26054618
TLM,-0.4863286960293754,-1.278104
TLP,2.5796371118521795,-0.55686826
TLS,8.161184277557762,-1.0930922
TLVT,4.9103649214752485,-0.16712351
TM,9.108680679599617,5.663458
TMA,-2.142671569473582,-0.25401872
TMB,2.8986690150425063,-3.377153
TMCV,1.8584798897469927,0.7184691
TMIC,-4.062782232123041,1.2907836
TMK,-0.0871806991635523,0.6398465
TMM,-11.06958495321146,-0.9804186
TMNG,12.651755434795596,-0.61311895
TMO,1.5233347494454832,0.51408654
TMP,0.9844775959005968,0.57547534
TMR,-14.167134652702925,1.0809453
TMS,4.345618013220998,-0.057575613
TMTA,-7.8520817357082375,-0.8615571
TMWD,-4.207372387576862,-0.036504652
TMX,7.094451199493233,-3.0497751
TMY,-1.5457754294019461,0.29980278
TNB,-11.655758508928175,1.0976038
TNC,-1.580258188022641,0.6313759
TNCC,15.254224570598055,0.7298972
TNE,1.0011414606784883,-0.66255915
TNH,10.52470915209584,-0.46060142
TNL,-13.098726454935631,-0.11187986
TNOX,-0.23924276608537284,0.6201231
TNP,-0.4782373030402857,0.09962154
TNS,9.103575219948707,-1.8710898
TO,7.371422022827345,-1.721203
TOA,5.337213754472186,-7.0122128
TOC,-3.9106402942668206,-1.0313628
TOD,-1.4858951898809998,-0.9035298
TOF,-5.152332806451136,-0.4390614
TOL,-1.3285864750116254,-1.0971578
TOMO,7.304353769564468,-0.35308087
TONE,-0.5650731200061891,1.4180481
TONS,0.23504648840626946,-0.6693679
TOPP,2.948606593069968,1.4271723
TOPT,-12.513517364885812,-4.801383
TORM,18.876759781865662,-7.0736256
TOT,0.3035015450140694,5.45539
TP,-1.5457754294019461,-0.5124088
TPGI,8.073212703015297,-1.2852025
TPL,9.053302911611881,0.6152361
TPP,0.6373056919079089,0.1141461
TPPH,5.9542245705980505,-6.3843784
TPX,-4.038444051102816,-1.9165157
TQ,24.380150496523978,-2.1800275
TQNT,-10.212442096068605,0.73739886
TR,-0.720087356007441,1.0055294
TRA,12.310651949562994,-1.2445769
TRAC,-7.691026826049982,-0.8138055
TRAD,-6.636684520311031,0.44581828
TRAK,5.11635917290941,-0.27035937
TRB,-4.8921042143272135,-1.0650032
TRBM,-5.565875931914501,-0.62675256
TRC,8.321703080626715,-2.4821541
TRCA,-2.7457754294019376,-16.207144
TRCI,0.8523061053702281,-1.1739575
TRE,-20.369304841166656,1.1832999
TRF,7.663846563725192,2.9871986
TRFC,-4.95486633849285,-1.0162915
TRFX,2.1038596070944084,-3.7901404
TRGL,4.7406040816574295,-5.239731
TRGT,15.58129639380248,0.14243588
TRH,-0.9821683440557281,-0.86616623
TRI,0.22328983476251724,0.7993948
TRIB,-8.313570061840688,0.12648663
TRID,-13.75699655151415,-0.3852133
TRIS,-9.238083121709632,-6.8432717
TRK,-0.6343170960686089,1.0783834
TRLG,-0.17412291470566346,-25.361443
TRMA,4.066336290775569,-0.18000984
TRMB,4.229899713511517,1.167992
TRMD,3.339720753804165,1.0244805
TRMK,-0.7203397828106799,-0.440679
TRMM,33.03366382293452,-4.388437
TRMP,-20.076477183787926,1.209191
TRMS,8.997104192942675,-3.4177737
TRN,-9.21622997485648,0.4534816
TROW,-0.5862140860160613,0.74894047
TRP,1.1151687766066367,-0.98935336
TRPS,-7.515924683133278,-8.487074
TRST,-1.365919314294036,-0.94229025
TRT,-14.879108762735276,-2.5071833
TRU,-11.255920356938176,-2.2685943
TRUE,98.45422457059809,1.2416939
TRW,1.3533355099099982,-0.07373031
TRX,-0.6076891254619812,0.5583213
TRXI,-4.24442610406461,-1.0892556
TRY,5.0319614611224335,-2.2470677
TS,7.213494965466759,0.6899387
TSAI,-6.611787096580327,0.613143
TSBK,-1.1146247961494624,-0.13718621
TSCC,1.5021200713237433,-0.34116942
TSCM,-5.590719249626659,-2.0083609
TSCO,-6.197978515959759,0.95391625
TSEM,-9.732909932325931,-1.1437461
TSFG,1.5004825623242624,0.9901048
TSG,12.439799986088806,1.2763429
TSI,-0.9586912806739568,-2.0480485
TSM,1.2904551286950394,2.8964765
TSN,2.4055923517530613,-17.369165
TSO,-10.242749733796044,-0.09177568
TSP,10.276308066501283,-0.49341303
TSRA,5.469593931034359,0.2021711
TSRI,-0.0787827643652806,-3.9382167
TSS,0.3867747790103373,1.0657388
TSTF,-4.6707754294019495,-0.6053394
TSTY,-3.6592348287345327,-3.5305336
TSU,1.9781991517650068,0.18700865
TSY,-1.3677338863752329,-0.49643356
TSYS,-5.7393238164987155,-0.25099966
TTC,1.9498282592105405,0.88261217
TTEC,4.819383699576277,-0.5878101
TTEK,2.8212781913830134,1.9131826
TTES,-0.09452826386906477,-0.8408414
TTF,-0.18213906576557892,0.4587935
TTG,10.625732177790317,-1.353012
TTI,-4.399567454421494,0.58500797
TTIL,2.6526978530408143,-0.4445584
TTM,5.943211354739027,0.22105189
TTMI,-12.843215853055954,1.1364491
TTP,31.285549871802868,-11.909912
TTPA,25.84552891842414,0.051963717
TTWO,-1.9399195735460717,1.4232514
TU,-8.037828261280161,-2.8730607
TUC,6.927378933014162,-0.9938129
TUES,-14.150277037118993,-2.1079385
TUNE,2.28401180464062,0.53578246
TUP,5.088457211022645,0.34222364
TUTR,2.1510822415777247,1.0159754
TUTS,2.0256531420266284,-4.475987
TV,-0.21293574039786234,1.9674067
TVE,-2.535466151051424,0.106974766
TVIA,8.188737844934328,-1.9103347
TVIN,-17.71598819535939,-4.3759694
TVL,9.811008490196038,-4.249694
TW,1.6836863269719935,0.50497174
TWAV,-3.2264476983095105,-0.23968507
TWB,-5.152086473729513,0.11517586
TWGP,-5.9229881748155275,0.62706643
TWI,4.3599317666278194,0.35346743
TWIN,1.7218302044008609,0.29421914
TWLL,-8.893222502876416,-0.7278187
TWMC,-2.001702481073682,0.093149915
TWN,3.5353056516791423,1.1443996
TWP,-1.0215290335959126,-0.8673261
TWPG,-2.5410360929090423,0.15308253
TWTC,3.1707323478183325,-1.616918
TWTI,-6.53538041900694,0.31078997
TWTR,-18.055209391666104,-0.386921
TWW,9.614938856312339,-2.5349624
TWX,5.570845323582447,-3.3479187
TX,20.35672964845858,0.52251685
TXCC,-15.831489715116243,0.2813162
TXCO,-5.218938847692802,0.5268989
TXI,-7.695549678195348,0.40246984
TXN,-2.691608762735273,-0.4528059
TXRH,-4.864025806475849,-2.967344
TXT,-4.243866503306181,-0.54349107
TXU,-7.485638923222273,0.10376345
TXUI,0.60914594508845,0.53941345
TY,0.4649484311878633,1.1555104
TYC,-0.8549859557177443,-0.2532226
TYG,-5.914847001692842,-0.9052869
TYL,-2.8260030254190127,0.7317953
TYN,-1.5457754294019461,-0.19334383
TYW,1.1809208293171392,0.08186889
TYY,-0.13119436302544765,-0.36262715
TZIX,2.210348686003613,0.61881286
UACL,1.2331719390191076,0.95713097
UAG,-1.4184949881630782,0.76173306
UAHC,7.284773496612388,-1.386191
UAPH,4.6099036810031375,-0.27597168
UAUA,6.476951843325329,0.8576979
UB,3.727693958353151,0.7724612
UBA,0.13049486918370254,-1.9685247
UBB,8.641401851148826,-1.1343899
UBCP,-13.995574626189079,-1.6498657
UBET,-3.4427943995916435,-0.8130057
UBFO,1.1098262303490938,-1.8078344
UBH,-0.4669372551280805,0.34132195
UBMT,6.6288277452012245,-0.49204424
UBNK,-6.9080942699816426,-0.040080693
UBS,-0.12028230823503144,2.8617985
UBSH,-1.7092275379341482,-0.007966334
UBSI,-0.5884662444084208,0.42513457
UCBH,3.921194957841775,0.8202582
UCBI,-1.3601318650455032,0.8073299
UCFC,-2.2810695470490034,-1.6971931
UCO,-3.4778314590268096,-0.49711096
UCTT,-7.375734943571992,-1.3346773
UDR,-6.6102611167250025,0.04163
UDRL,-0.6935027021292242,-0.9800805
UDW,-7.206152787892518,-0.66716826
UEIC,-3.16328256546284,-0.79590046
UEPS,18.31214067343972,0.8821756
UFCS,-0.04222933011116259,-0.4432844
UFI,2.9440204889654136,-0.058084738
UFPI,-1.5028753865019109,-0.11069639
UFPT,14.4684594460429,-2.373966
UG,-10.313810945495186,-0.24192943
UGI,-2.6821390657655777,-0.35330552
UGP,0.23683326625022866,-0.31247532
UHAL,-1.143522814759941,-0.6065457
UHCO,-1.3848312233933562,-0.33931848
UHCP,-1.2211001047266141,-1.2613024
UHS,-0.2468398349585057,0.44902846
UHT,-1.8279714273496281,-0.6636943
UIC,-0.8167113899930838,0.089038216
UIL,-2.3042490013384245,0.07389834
UIS,7.000142937944993,-0.17367814
UL,2.156596964559237,1.2895279
ULBI,4.5396015006616315,-0.24205072
ULCM,-8.53221964212353,-0.2756143
ULGX,-1.1202435145083192,-0.7207703
ULTI,-6.317916444019311,-0.80427766
UMBF,-1.3540471357837582,-0.12792605
UMC,-0.9727095268231488,5.10604
UMH,-1.7400759475366685,-1.9246688
UMPQ,-2.4971855551240023,-0.25353244
UN,2.050554845827413,-0.040714744
UNAM,12.674408056836581,-0.77775097
UNCA,-2.0090958927224127,0.2573936
UNF,-8.783473945413405,0.90545386
UNFI,-0.07027431581619667,0.36823893
UNH,7.573897006853403,3.0472353
UNIB,6.627301493674984,-0.3011869
UNM,1.4378626841687998,-0.3932467
UNP,0.1277737990266481,0.13361123
UNS,-2.2027696807022523,0.094838284
UNT,-9.03803549132144,1.1556737
UNTD,0.5626583055378085,-0.46778977
UNTY,4.3685685542826285,-0.46406168
UPFC,11.244922245016657,-0.58439296
UPI,-1.139271364361304,0.03769187
UPL,-15.077405090063865,-0.18605763
UPM,0.037755845340738815,-0.45475096
UPS,-4.653270761490501,-2.2649536
UQM,-8.163422488225464,-1.0308691
URBN,1.884532864128244,-1.5343077
URGI,-4.327515800300666,0.60863084
URI,0.4204062457848413,0.6138317
URS,-4.5796144025641325,4.558355
URZ,-1.5457754294019461,5.4545956
USA,2.1936696851939383,-0.10596885
USAK,-19.30278477519633,-0.15825757
USAP,-1.2769582251008815,0.58280116
USB,5.4174740870390465,-1.787557
USEG,-15.605181369996009,-2.6510394
USEY,20.934844725636815,-2.2059245
USG,-2.914388568088077,2.0773377
USHS,10.998394181905477,-0.032741826
USIH,-2.0666087627352803,0.86632437
USLM,-16.30531108446,0.67656195
USM,2.9519972390849194,0.9692243
USMO,-9.547563538476595,1.3173931
USNA,4.977646947678963,0.4922461
USPH,4.98483681549602,-0.8464825
USPI,9.000961784001941,-1.5719334
USS,-0.21244209606861245,-1.8751973
UST,3.127764089498408,0.1461398
USTR,0.0819821203945803,0.5003833
USU,0.969947841038308,0.03615894
UTEK,-3.7893651729916833,1.5568364
UTF,0.006512152297396406,-0.21300942
UTG,2.515559009056407,-0.53220445
UTHR,-7.9831489809928975,-0.13182735
UTI,6.828830603916378,-4.148483
UTIW,0.5612479819692883,-0.9866864
UTK,-11.951419168379015,-0.50254375
UTL,-4.267668920526197,-0.4192728
UTMD,-4.6385589345565945,-0.5978722
UTR,-0.3883218273265153,-0.7410429
UTSI,-1.431489715116234,-2.9990504
UTX,-3.6890895688773058,-2.6585705
UU,0.04927665393138249,-0.1541957
UUU,9.227309753132062,-0.38896936
UVN,-1.6304733401868166,-1.7496464
UVSP,-0.5943318598481429,0.29836243
UVV,3.881688353499496,0.71933186
UWBK,-2.096050566970745,0.36940467
UWN,-2.0734799148900733,-6.062118
VAL,-3.57182463345404,1.3273319
VALU,-28.85050590244925,-2.2134485
VAR,-6.044409022002325,0.88884467
VARI,0.1733583058067971,1.3697999
VAS,-2.192791964268946,1.2325902
VASC,17.125473138753847,-0.4601077
VAZ,-12.732678567191856,-0.6894644
VBF,-1.716715600342103,-0.42387936
VC,2.817432117767877,0.30226064
VCBI,0.2650897617449327,0.45520416
VCC,-4.313303104678705,-0.25956935
VCF,-0.9377046720774604,-0.5402343
VCI,-7.821637498367465,-5.0517893
VCLK,-3.153900693896244,0.04720902
VCO,-5.2282078618343775,-5.543538
VCP,-3.126601538529953,1.5264796
VCV,-0.6023792029868493,-0.49519104
VDM,7.823900890870623,0.59192204
VDSI,-0.9550581298238844,-1.1399709
VE,10.691800972405133,0.5687308
VECO,-0.6915309019059493,0.2915787
VEGF,1.0183271347006206,-10.477657
VEH,13.160106923539225,0.44332364
VERT,-10.500999309998953,-6.3010564
VEXP,-14.589253690271525,-6.3940806
VFC,3.5833668707929784,-0.21382304
VFGI,0.919390701359032,-0.4383884
VG,4.650189988465497,0.39298484
VGM,0.010644804061090557,-0.5039218
VGR,-1.2640852885568714,-0.9728261
VGZ,-16.493631744581542,0.39531076
VHI,-4.086191133789938,0.51350814
VIA-B,5.570968416564424,1.8685881
VIAC,-3.6644194971985686,-0.22115548
VICL,-8.388699224114237,0.15914778
VICR,-10.006621514010419,-0.6677024
VIFL,10.054224570598056,-4.7928047
VIGN,0.4460230474580416,1.843271
VIM,0.9712313733191372,-1.2241751
VIMC,-9.977147978421566,0.0965386
VIN,-0.8757586789831847,-1.6512862
VION,-23.76799765162416,-3.2051415
VIP,0.6708173508387125,0.08725167
VIRL,2.0064312444408783,-0.040566817
VITA,5.892241099523674,-0.34849975
VITL,-11.141127993504508,1.2418039
VITR,-1.5457754294019461,-0.4238417
VIV,6.259102619378541,-0.34011376
VIVO,0.0033480928157570557,0.12376662
VKI,0.880695158833349,-0.99456865
VKL,-0.3271920326007262,-1.2315054
VKQ,2.9450531600983765,-0.6677479
VLCCF,-9.836807578302118,-1.0673628
VLCM,-10.778105493656248,-0.7357794
VLG,-0.7896317621051622,0.18671611
VLGEA,16.00013637314806,0.47763395
VLI,0.19351092526903485,-1.2034695
VLNC,-33.060926944553465,-1.6296891
VLO,-10.713093646759267,2.9809968
VLRX,30.55299000269681,-0.9125705
VLT,-1.0482629915910109,-1.4175341
VLTR,-10.812442096068619,-1.6996125
VLTS,-23.42077542940195,-8.558623
VLY,1.2833456569805513,0.48044723
VMC,0.6907884962684727,1.3392581
VMI,-7.654984295864372,0.39789504
VMM,-5.575325462981527,-0.3302247
VMO,1.2518823454841943,-0.4339956
VMSI,2.0563626138237208,0.9562395
VMV,-2.6268565104830275,-0.9904233
VNBC,6.0128692274182045,0.21440975
VNDA,37.237186031044295,-3.290473
VNO,-5.03548736355832,-3.1123486
VNT,-3.38344771117836,-0.12425697
VNUS,14.670440786814272,-1.6178039
VNX,-16.697290580917088,-0.3985904
VOCL,-8.688632572259081,-0.030387709
VOCS,2.9780340944075867,-0.75553113
VOD,3.673807004003392,26.704067
VOL,6.042354425208694,0.27841005
VOLC,-10.392633269548373,-1.025846
VOLV,3.036042752416245,0.89868355
VOXX,4.061037913394357,0.024694923
VPHM,-4.55123991027626,-2.811981
VPRT,0.32677062919061683,-0.07731916
VPS,-2.203670166244052,-2.3191583
VPV,-1.3337612951263196,-0.3309263
VRA,-28.21244209606861,-5.6187534
VRGY,-1.489437401232923,1.2884005
VRNT,-1.3999177864614434,1.1352609
VRSN,-6.493800377426884,1.3089262
VRSO,2.764569398184246,-4.514358
VRTA,-14.045775429401939,0.027526896
VRTX,-19.504086493004294,-0.9495454
VRX,2.2245261947279764,-0.34845337
VSAT,9.289514741681584,1.6419547
VSCP,-27.20022569118205,-0.3570704
VSE,-29.34324378383232,0.32989153
VSEA,10.97619293615166,0.7093109
VSEC,-4.082648585744129,0.7253477
VSGN,-10.117204000830526,-4.2121205
VSH,3.4025258999924417,0.25219417
VSL,-3.160358762735291,1.4944229
VSNT,16.883005774709652,-0.2326387
VSR,-1.5457754294019461,-0.33879048
VSTA,-9.82163749836746,-0.06515682
VSTH,0.9442644112355044,0.9080151
VSTY,12.01354660449636,-1.0077035
VTAL,6.184109628069312,0.38380405
VTF,-2.2766724393687205,-0.54105127
VTIV,12.683361770032285,0.63022715
VTJ,-3.543354121895904,-1.0695356
VTN,-1.4164093233217303,-0.82250416
VTNC,1.5630328607535098,1.0389
VTO,29.140145148215385,0.05819272
VTR,6.464621546023388,0.04744238
VTRU,0.5630503972056962,0.5763999
VTS,7.2478716568995845,-0.015304487
VVC,-2.6773171550030783,0.2776764
VVI,1.360628511484753,1.2878493
VVR,0.2724063887798736,-1.1297629
VVTV,-1.6218789301629792,1.334174
VVUS,-13.147985374153324,-0.29341602
VWPT,-7.515924683133278,0.40712443
VYFC,-4.980889933218748,-1.3297457
VYYO,8.829500508787913,0.34410456
VZ,5.435964635044888,-3.0833428
VZC,-1.229319733199407,1.2491175
WAB,-8.491134218078718,0.6775761
WABC,1.278636974311267,-0.03079707
WAG,10.70090140651001,-3.3655438
WAL,-1.3444524498218473,0.6195812
WASH,-2.191168043242031,0.021885227
WAT,-2.4034433893774443,0.7271094
WAUW,0.698893481933624,0.40857494
WAVX,-8.265143018334768,-11.609952
WAYN,-2.3070211041424384,-2.312078
WB,3.4586143862258,2.747452
WBCO,-1.6053346908671131,-0.57397884
WBD,22.99216596804359,-1.2696297
WBK,0.5140321824759282,-2.6964774
WBKC,0.9158872017522084,-1.2986441
WBMD,9.54867734421126,0.20090114
WBNK,-2.9507845925051863,-0.67538345
WBS,0.26046430787226504,0.67266256
WBSN,-11.620238854719512,0.6311383
WCAA,17.881372764869532,-2.7115395
WCBO,0.4750097899976005,1.2954929
WCC,-13.652559989850856,-1.1647533
WCG,4.274253598174258,-0.04440523
WCI,2.1559972504729283,-3.7748864
WCN,1.9439959304055048,1.4149656
WDC,-4.478326749050028,0.6514327
WDFC,6.225948115192264,0.28093165
WDR,7.737850301592202,-1.9654694
WEA,-3.591980049863995,-0.13919565
WEBM,3.481398483641534,1.0900943
WEBX,-2.978850809166921,0.66161543
WEC,-0.4711863017154773,0.01053481
WEDC,-2.281069547049005,0.59971875
WEDX,-9.98733387096038,-1.2338067
WEL,14.079224570598063,0.4901926
WEN,-0.0649655170417103,0.65669745
WERN,-6.6945168481662405,-0.0900784
WEX,4.406605522978999,-0.01567374
WEYS,-1.4250510833254826,-0.89538276
WF,5.4098978351645375,3.6956341
WFBC,-0.406365241734386,-0.59872204
WFC,-0.61776643052679,-13.233959
WFD,2.9050916226211725,-0.3800658
WFII,17.752470184633147,-6.8194785
WFMI,-4.422400189683219,-1.3390832
WFR,-4.151805066601731,0.4066792
WFSL,-0.9507903040300778,0.45001298
WFT,-8.892030514350498,0.39645317
WG,4.485970602344072,-0.49685907
WGA,-5.500577689288956,0.12099695
WGAT,-2.2920440861183646,-5.547508
WGII,0.1936458785090748,1.1943405
WGL,-2.558666773784997,0.058886338
WGNB,-8.779508617333601,-0.60477424
WGO,-8.139515933807909,-1.466289
WGOV,4.271399085833517,1.0201561
WHG,-6.5826838097753715,-2.20651
WHI,-4.901480127388526,-1.4125843
WHIT,17.11657624265846,-0.5500229
WHQ,-0.6215610116570378,0.18515867
WHR,-3.50915774691581,0.0482903
WHRT,7.978034094407574,-5.7624083
WHT,8.109396984391152,-3.5203688
WIA,-2.6841291947259456,-1.1072448
WIBC,-0.3860495464288363,0.8572532
WILC,-21.77698930223432,-2.5078094
WIN,1.8297519967583948,0.22733541
WINA,-9.074254874671876,-1.1646932
WIND,-4.960409575743406,0.5024138
WINS,0.8680176740463244,-1.155889
WIRE,-15.812018046394208,-1.3514607
WIT,2.664750886387515,0.6366558
WITS,-13.753419468192591,0.17698883
WIW,-2.582940511510841,-1.0762734
WJCI,-34.02985186252296,-0.2893557
WL,0.8967192350514596,0.3112354
WLB,-11.052638672919981,-2.0548615
WLC,-3.7779182865448018,-1.8004317
WLFC,2.8146896868771343,-0.13610166
WLK,-6.517094741065421,0.71739715
WLL,-4.9577925967839125,-0.05111459
WLM,-11.577123391784387,-2.1840136
WLP,1.936242616093028,-1.5434701
WLSC,-1.3928702306251817,0.44004354
WLSN,-12.820285233323515,-5.179018
WLT,-81.02821535546477,1.0658978
WLV,7.470618013220996,-5.8001766
WM,1.7296697233788891,1.092406
WMAR,0.07553319827611517,-0.0047487733
WMB,-8.551901003674528,-0.051798098
WMG,-9.606777608051187,-1.8148323
WMGI,-1.1591774912576167,1.5794202
WMI,-0.6755007489559295,-0.25319222
WMK,-1.0720780970658756,0.08382594
WMS,-0.7999349245253022,0.62015444
WMT,-0.874489158288905,-166.66936
WNC,2.162833842121236,-1.9019386
WNI,3.5670065254852834,0.10317947
WNR,-14.939333952575554,-1.3142873
WNS,-11.47827301860157,0.08436774
WOLF,6.190614255411807,-0.74972403
WON,5.394734485612209,-11.958131
WOOF,-2.8194629099859907,-0.04116615
WOR,-5.4961140298534295,-0.8797611
WOS,0.871266766419438,-0.96419954
WPC,-1.8783327955476108,-0.9930079
WPCS,2.0499485744853163,-0.04991619
WPI,-0.23959025844535795,0.64578545
WPL,1.4845276009010873,-2.7221727
WPO,-0.31857585858649834,-5.6389737
WPP,-1.6124865701624511,-0.466717
WPPGY,0.8443101415629474,-0.18696488
WPS,1.5265917740035762,0.45512822
WPSC,6.996669845558017,-0.0042434977
WPTE,-10.331305145164217,-6.2227364
WPZ,-2.398488607696515,-1.1836729
WR,-4.2422315156885375,0.17268758
WRE,-7.3207754294019525,0.06420937
WRES,-18.781270309948017,0.8922298
WRI,-4.4084950130063705,-0.02437666
WRLD,3.608644165912221,0.20300323
WRLS,-0.7238576211827731,-5.6353464
WRNC,-4.422055965256952,0.38496834
WRP,0.7148628684703937,-37.200844
WRSP,-32.97434685797337,-6.323725
WSB,-2.3457754294019493,0.60094315
WSBC,2.152405304269399,0.4256302
WSC,-5.676210212010641,0.09107588
WSCI,0.9939071102805962,-3.0176747
WSFS,1.8906506874365592,1.6278704
WSH,-2.427165507467928,-0.22734904
WSII,-0.3275013177268268,-1.5455709
WSM,-5.617022248740361,0.5329321
WSO,-10.74848959394818,-1.3108201
WSPI,6.520522913139494,-0.500609
WSSI,8.722786971861881,-0.34661815
WST,4.0173711643907435,1.0014608
WSTG,1.3642774806509608,-2.14647
WSTL,6.45422457059806,-3.975551
WSTM,24.770014044282263,-0.37051228
WTBA,-0.5896449457123976,-1.2798452
WTFC,0.1410217384447892,-20.138878
WTI,-16.129108762735296,-0.26045057
WTM,-5.484128638590295,-4.5162253
WTNY,0.4775231604202387,0.102124736
WTR,-6.594063401307119,-1.4381089
WTS,-3.4674489881467747,0.28378475
WTSLA,-6.943076778727289,-0.12133382
WTT,-4.290873468617644,-3.2730536
WTU,-20.22102841928236,-1.4844966
WTW,5.688186116381424,-1.1771706
WVCM,2.91544625899888,0.5680291
WVVI,-9.610291558434199,-0.8138055
WW,-2.5203047760243265,0.08080317
WWE,0.35606506139560296,0.054454476
WWIN,0.4529139546085373,-3.1554554
WWVY,-6.67542593673002,-0.8878116
WWW,-2.2470377014917053,1.096303
WWWW,6.091456074178013,0.97997135
WWY,-2.957221678435209,-3.2553833
WXH,-3.809926372798178,-1.3320776
WXS,-0.6795579125588175,1.5794202
WY,6.720325065997917,-1.9308637
WYE,3.2067775949499824,-1.2548565
WYN,1.1400459322470329,1.5571867
WYNN,5.1777195093300605,-2.5755715
WYY,-4.698928582555092,-0.6587006
WZEN,0.516080240701149,-0.6762883
X,-1.3543617023032302,-0.009307107
XAA,-1.1101811543552729,-1.0743691
XATA,0.709863668342417,-1.1080815
XCH,-3.424444705331497,2.1749253
XCO,11.996507243572633,1.3145032
XEC,-5.107419265018376,-1.2797841
XEL,-0.635107606331706,-0.4958359
XETA,-6.641316830675821,-1.5660998
XFN,1.2320023483758344,-1.6550446
XIDE,-5.913591521355977,4.812687
XING,-2.3039255431244605,1.0060873
XJT,0.30607642244989963,0.6445135
XL,0.4953242651273501,3.3896685
XLNX,-13.17954275405545,1.4996307
XLTC,-0.29528695734254656,0.8709269
XMSR,-1.5457754294019461,22.791208
XNL,-21.81009261001868,-4.099021
XNN,-11.629809042847333,-4.102673
XNPT,-8.714818199259371,-0.6418868
XNR,-6.689808351212645,-0.8591329
XOM,-2.289609436970793,5.5160584
XOMA,-3.8185027021292095,-0.18735257
XPL,7.192088648267964,-0.71748716
XPO,5.540838743826408,0.01180804
XPRSA,-6.342375307969054,-0.9892015
XPRT,-0.19296157658809307,1.1279124
XRAY,-8.480448796236116,1.1931621
XRIT,2.3566635949883006,0.20043801
XRM,-0.7286150616797977,-0.97670275
XRTX,-2.1018458649904583,1.1349115
XRX,1.7580593788576335,0.44168898
XTEX,3.1468218102467485,0.30888006
XTLB,-12.859644042540614,-5.311092
XTO,-8.750876385831278,1.2046746
XTXI,-207.9200259816266,-3.9138424
XVE,0.4227285076059281,-0.3566165
XWG,1.844055079072633,-8.432767
XXIA,2.7250579039313894,-0.8855154
Y,3.8997691250535023,0.040221617
YANB,-3.9052664156161563,1.4861923
YBTVA,19.73082031527889,-1.3754888
YCC,-1.0790309719923667,0.36191118
YDNT,-6.290520174146707,-0.58208853
YHOO,-5.26543087184517,-0.19538471
YMI,-0.846474730101246,-1.9149321
YORW,-1.3779901945026305,-2.1868458
YPF,-3.7355564512997503,-6.7782826
YRCW,-4.964805379044157,0.26231602
YSI,-7.531176889255962,0.054580785
YUM,-5.202238014435969,0.4503033
YZC,10.664387372768738,0.10479358
ZANE,-4.423473271128566,-7.463121
ZAP,6.311367427740907,0.24880037
ZBRA,-0.22355640094549045,1.2911357
ZEUS,-15.220989104615615,-0.019038608
ZF,2.1830381299200985,-1.7211503
ZGEN,-3.087201248284414,-0.5002762
ZHNE,-2.3091342080279005,-5.210245
ZICA,56.2007034438375,-5.5422263
ZIF,0.7493065378111641,-1.4175341
ZIGO,-0.8162921467271677,0.35958645
ZILA,-7.057586453023998,-0.24627976
ZILG,5.531850141374301,0.20705087
ZION,3.8520896846203767,0.81204176
ZIPR,-0.2106619447557438,-2.3494835
ZIXI,-4.907119967217075,11.838836
ZL,6.826317593853863,0.080862
ZLC,-9.025392586438457,0.2927041
ZMH,4.246518523136957,0.61113644
ZNH,6.96278202781076,-1.6801474
ZNT,1.5665673546526135,-0.15686415
ZOLL,9.683620174993656,0.11835379
ZOLT,-14.052130284511234,-0.7993986
ZONS,-13.073925563450208,-2.5471907
ZOOM,1.1327959991694851,-5.6521807
ZQK,6.3272404436139285,0.3295035
ZRAN,-2.7117562250123703,0.3070797
ZTM,8.131643925436771,-1.7456857
ZTR,0.6613553006489862,-1.1306572
ZUMZ,-3.069133587831192,0.030549405
ZVUE,-66.46724139798833,0.28255215
ZVXI,8.606508834557443,-1.6962785
ZZ,-2.4271313616053414,0.26048386
